mysql> SELECT * FROM Employee;
+-------+-------+-----------+-------+------------+--------+------+------+
| EmpNo | Ename | Job       | Sal   | Hiredate   | Deptno | MGR  | COMM |
+-------+-------+-----------+-------+------------+--------+------+------+
|  7001 | JAMES | CLERK     |  3000 | 2005-05-06 |     10 | NULL |    0 |
|  7002 | MASON | PRESIDENT | 10000 | 2005-06-06 |     20 | NULL |    0 |
|  7003 | CLARK | MANAGER   |  5000 | 2004-05-06 |     20 | NULL |    0 |
|  7004 | JOHN  | MANAGER   |  6000 | 2005-08-06 |     10 | NULL |    0 |
|  7005 | BLAKE | CLERK     |  3500 | 2005-09-06 |     30 | NULL |    0 |
+-------+-------+-----------+-------+------------+--------+------+------+
5 rows in set (0.00 sec)

mysql> DELETE FROM Employee WHERE Hiredate < ('2005-06-06');
Query OK, 2 rows affected (0.07 sec)

mysql> SELECT * FROM Employee;
+-------+-------+-----------+-------+------------+--------+------+------+
| EmpNo | Ename | Job       | Sal   | Hiredate   | Deptno | MGR  | COMM |
+-------+-------+-----------+-------+------------+--------+------+------+
|  7002 | MASON | PRESIDENT | 10000 | 2005-06-06 |     20 | NULL |    0 |
|  7004 | JOHN  | MANAGER   |  6000 | 2005-08-06 |     10 | NULL |    0 |
|  7005 | BLAKE | CLERK     |  3500 | 2005-09-06 |     30 | NULL |    0 |
+-------+-------+-----------+-------+------------+--------+------+------+
3 rows in set (0.00 sec)