mysql> SELECT * FROM Employee;
+-------+-------+-----------+-------+------------+--------+------+------+
| EmpNo | Ename | Job       | Sal   | Hiredate   | Deptno | MGR  | COMM |
+-------+-------+-----------+-------+------------+--------+------+------+
|  7002 | MASON | PRESIDENT | 10000 | 2005-06-06 |     20 | NULL |    0 |
|  7004 | JOHN  | MANAGER   |  6000 | 2005-08-06 |     10 | NULL |    0 |
|  7005 | BLAKE | CLERK     |  3500 | 2005-09-06 |     30 | NULL |    0 |
+-------+-------+-----------+-------+------------+--------+------+------+
3 rows in set (0.00 sec)

mysql> DELETE FROM Employee WHERE Sal < 3000;
Query OK, 0 rows affected (0.00 sec)

mysql> SELECT * FROM Employee WHERE DeptNo = 10;
+-------+-------+---------+------+------------+--------+------+------+
| EmpNo | Ename | Job     | Sal  | Hiredate   | Deptno | MGR  | COMM |
+-------+-------+---------+------+------------+--------+------+------+
|  7004 | JOHN  | MANAGER | 6000 | 2005-08-06 |     10 | NULL |    0 |
+-------+-------+---------+------+------------+--------+------+------+
1 row in set (0.02 sec)